codigo,id_categoria,id_subcategoria,Nome,Quantidade,Descricao,Codigo Amarração,image_url,Vlr Bruto,Vlr Unitario
9089,2,1,"PANELA DE PRESSAO FECH EXTERNO POLIDA 3,00 L ",1,"- 3,00 L",,"[https://drive.google.com/file/d/1M0NCNu6kfR89V3oyw3bB4sUI7yKuSulr/view, https://drive.google.com/file/d/14RSu7dd0m9KsGuKS7KJK93ZCQyGLIDaE/view]","134,00","134,00"
4805,2,1,"PANELA DE PRESSAO FECH EXTERNO POLIDA 3,00 L ",6,6 peças,9089,"[https://drive.google.com/file/d/1M0NCNu6kfR89V3oyw3bB4sUI7yKuSulr/view, https://drive.google.com/file/d/14RSu7dd0m9KsGuKS7KJK93ZCQyGLIDaE/view]","706,70","117,78"
4806,2,1,"PANELA DE PRESSAO FECH EXTERNO POLIDA 3,00 L ",12,12 peças,9089,"[https://drive.google.com/file/d/1M0NCNu6kfR89V3oyw3bB4sUI7yKuSulr/view, https://drive.google.com/file/d/14RSu7dd0m9KsGuKS7KJK93ZCQyGLIDaE/view]","1398,83","116,57"
9090,2,1,"PANELA DE PRESSAO FECH EXTERNO POLIDA 4,50 L ",1,"- 4,50 L",,"[https://drive.google.com/file/d/1gArL8aA_-qxVktTz2VE3zFXtFKxSflho/view, https://drive.google.com/file/d/1woozu1D6w5ligS0bujmoksIbszZKfZqQ/view]","149,00","129,98"
4807,2,1,"PANELA DE PRESSAO FECH EXTERNO POLIDA 4,50 L ",6,6 peças,9090,"[https://drive.google.com/file/d/1gArL8aA_-qxVktTz2VE3zFXtFKxSflho/view, https://drive.google.com/file/d/1woozu1D6w5ligS0bujmoksIbszZKfZqQ/view]","783,51","130,58"
4808,2,1,"PANELA DE PRESSAO FECH EXTERNO POLIDA 4,50 L ",12,12 peças,9090,"[https://drive.google.com/file/d/1gArL8aA_-qxVktTz2VE3zFXtFKxSflho/view, https://drive.google.com/file/d/1woozu1D6w5ligS0bujmoksIbszZKfZqQ/view]","1550,86","129,24"
9091,2,1,"PANELA DE PRESSAO FECH EXTERNO ANTIADERENTE FORT FLON 3,00 L ",1,"- 3,00 L",,[https://drive.google.com/file/d/1NakHkLGc4SIg_ZJpMSEXSNf4a8vuXaT0/view],"152,00","133,09"
4809,2,1,"PANELA DE PRESSAO FECH EXTERNO ANTIADERENTE FORT FLON 3,00 L ",6,6 peças,9091,[https://drive.google.com/file/d/1NakHkLGc4SIg_ZJpMSEXSNf4a8vuXaT0/view],"802,23","133,70"
4810,2,1,"PANELA DE PRESSAO FECH EXTERNO ANTIADERENTE FORT FLON 3,00 L ",12,12 peças,9091,[https://drive.google.com/file/d/1NakHkLGc4SIg_ZJpMSEXSNf4a8vuXaT0/view],"1587,92","132,33"
9092,2,1,"PANELA DE PRESSAO FECH EXTERNO ANTIADERENTE FORT FLON 4,50 L ",1,"- 4,50 L",,"[https://drive.google.com/file/d/1NakHkLGc4SIg_ZJpMSEXSNf4a8vuXaT0/view, https://drive.google.com/file/d/1Dvrvx0X1XgvpOT5OdBn8dNDG6G3ZL5ak/view, https://drive.google.com/file/d/1LEXPlq1TmoPZGJ8XTYJazws4Efnn6ahV/view, https://drive.google.com/file/d/1NakHkLGc4SIg_ZJpMSEXSNf4a8vuXaT0/view, https://drive.google.com/file/d/1ABMisMQvb9FE0ob2h7uH_AK3mEnZxmMX/view, https://drive.google.com/file/d/1zcRxW-31YOGmPPFVznRVrBL_mloAwfe4/view, https://drive.google.com/file/d/1AY3Y7PsUbsYukMPMG4w9r1QhqEcIEgO4/view]","172,00","150,95"
4811,2,1,"PANELA DE PRESSAO FECH EXTERNO ANTIADERENTE FORT FLON 4,50 L ",6,6 peças,9092,,"909,93","151,65"
4812,2,1,"PANELA DE PRESSAO FECH EXTERNO ANTIADERENTE FORT FLON 4,50 L ",12,12 peças,9092,,"1801,09","150,09"
9079,2,2,"PANELA DE PRESSAO POLIDA 2,50 L ",1,"- 2,50 L",,,"52,16","52,16"
4601,2,2,"PANELA DE PRESSAO POLIDA 2,50 L ",6,6 peças,9079,,"274,72","45,79"
4602,2,2,"PANELA DE PRESSAO POLIDA 2,50 L ",12,12 peças,9079,,"543,62","45,30"
4633,2,2,"PANELA DE PRESSAO POLIDA 2,50 L ",24,24 peças,9079,,"1081,91","45,08"
9080,2,2,"PANELA DE PRESSAO COLOR 2,50 L - VERMELHA",1,"- 2,50 L",,,"58,40","58,40"
4607,2,2,"PANELA DE PRESSAO COLOR 2,50 L - VERMELHA",6,6 peças,9080,,"306,97","51,16"
4608,2,2,"PANELA DE PRESSAO COLOR 2,50 L - VERMELHA",12,12 peças,9080,,"607,34","50,61"
4645,2,2,"PANELA DE PRESSAO COLOR 2,50 L - VERMELHA",24,24 peças,9080,,"1209,47","50,39"
9081,2,2,"PANELA DE PRESSAO COLOR 2,50 L - PRETA",1,"- 2,50 L",,,"58,40","58,40"
4605,2,2,"PANELA DE PRESSAO COLOR 2,50 L - PRETA",6,6 peças,9081,,"306,97","51,16"
4606,2,2,"PANELA DE PRESSAO COLOR 2,50 L - PRETA",12,12 peças,9081,,"607,34","50,61"
4641,2,2,"PANELA DE PRESSAO COLOR 2,50 L - PRETA",24,24 peças,9081,,"1209,47","50,39"
9082,2,2,"PANELA DE PRESSAO COLOR 2,50 L - CRAQUEADA",1,"- 2,50 L",,,"58,40","58,40"
4603,2,2,"PANELA DE PRESSAO COLOR 2,50 L - CRAQUEADA",6,6 peças,9082,,"306,97","51,16"
4604,2,2,"PANELA DE PRESSAO COLOR 2,50 L - CRAQUEADA",12,12 peças,9082,,"607,34","50,61"
4637,2,2,"PANELA DE PRESSAO COLOR 2,50 L - CRAQUEADA",24,24 peças,9082,,"1209,47","50,39"
9036,2,3,"PANELA DE PRESSAO POLIDA 3,00 L ",1,"- 3,00 L",,,"61,90","61,90"
4557,2,3,"PANELA DE PRESSAO POLIDA 3,00 L ",6,6 peças,9036,,"318,82","53,14"
4558,2,3,"PANELA DE PRESSAO POLIDA 3,00 L ",12,12 peças,9036,,"631,59","52,63"
4559,2,3,"PANELA DE PRESSAO POLIDA 3,00 L ",24,24 peças,9036,,"1247,77","51,99"
9037,2,3,"PANELA DE PRESSAO ANTIADERENTE FORT FLON 3,00 L ",1,"- 3,00 L",,,"98,56","98,56"
4567,2,3,"PANELA DE PRESSAO ANTIADERENTE FORT FLON 3,00 L ",6,6 peças,9037,,"507,34","84,56"
4568,2,3,"PANELA DE PRESSAO ANTIADERENTE FORT FLON 3,00 L ",12,12 peças,9037,,"1010,53","84,21"
9039,2,3,"PANELA DE PRESSAO COLOR 3,00 L - CRAQUEADA ",1,"- 3,00 L",,,"71,16","71,16"
4609,2,3,"PANELA DE PRESSAO COLOR 3,00 L - CRAQUEADA ",6,6 peças,9039,,"354,26","59,04"
4610,2,3,"PANELA DE PRESSAO COLOR 3,00 L - CRAQUEADA ",12,12 peças,9039,,"702,02","58,50"
4649,2,3,"PANELA DE PRESSAO COLOR 3,00 L - CRAQUEADA ",24,24 peças,9039,,"1392,45","58,02"
9070,2,3,"PANELA DE PRESSAO COLOR 3,00 L - PRETA",1,"- 3,00 L",,,"71,16","71,16"
4611,2,3,"PANELA DE PRESSAO COLOR 3,00 L - PRETA",6,6 peças,9070,,"354,26","59,04"
4612,2,3,"PANELA DE PRESSAO COLOR 3,00 L - PRETA",12,12 peças,9070,,"702,02","58,50"
4652,2,3,"PANELA DE PRESSAO COLOR 3,00 L - PRETA",24,24 peças,9070,,"1392,45","58,02"
9045,2,3,"PANELA DE PRESSAO COLOR 3,00 L - VERMELHA",1,"- 3,00 L",,,"71,16","71,16"
4613,2,3,"PANELA DE PRESSAO COLOR 3,00 L - VERMELHA",6,6 peças,9045,,"354,26","59,04"
4614,2,3,"PANELA DE PRESSAO COLOR 3,00 L - VERMELHA",12,12 peças,9045,,"702,02","58,50"
4655,2,3,"PANELA DE PRESSAO COLOR 3,00 L - VERMELHA",24,24 peças,9045,,"1392,45","58,02"
9021,2,4,"PANELA DE PRESSAO POLIDA 4,50 L ",1,"- 4,50 L",,,"69,79","69,79"
4514,2,4,"PANELA DE PRESSAO POLIDA 4,50 L ",6,6 peças,9021,,"345,64","57,61"
4507,2,4,"PANELA DE PRESSAO POLIDA 4,50 L ",12,12 peças,9021,,"688,19","57,35"
4509,2,4,"PANELA DE PRESSAO POLIDA 4,50 L ",24,24 peças,9021,,"1354,15","56,42"
9033,2,4,"PANELA DE PRESSAO ANTIADERENTE FORT FLON 4,50 L ",1,"- 4,50 L",,,"111,84","111,84"
4572,2,4,"KIT PAN PRESSAO 9033 - 4,50 L - FORTFLON - 6 PECAS",6,6 peças,9033,,"573,30","95,55"
4573,2,4,"KIT PAN PRESSAO 9033 - 4,50 L - FORTFLON - 12 PECAS",12,12 peças,9033,,"1132,87","94,41"
9034,2,4,"PANELA DE PRESSAO COLOR 4,50 L - CRAQUEADA",1,"- 4,50 L",,,"73,71","73,71"
4615,2,4,"PANELA DE PRESSAO COLOR 4,50 L - CRAQUEADA",6,6 peças,9034,,"373,50","62,25"
4616,2,4,"PANELA DE PRESSAO COLOR 4,50 L - CRAQUEADA",12,12 peças,9034,,"739,26","61,60"
4658,2,4,"PANELA DE PRESSAO COLOR 4,50 L - CRAQUEADA",24,24 peças,9034,,"1467,98","61,17"
9071,2,4,"PANELA DE PRESSAO COLOR 4,50 L - PRETA",1,"- 4,50 L",,,"73,71","73,71"
4617,2,4,"PANELA DE PRESSAO COLOR 4,50 L - PRETA",6,6 peças,9071,,"373,50","62,25"
4618,2,4,"PANELA DE PRESSAO COLOR 4,50 L - PRETA",12,12 peças,9071,,"739,26","61,60"
4661,2,4,"PANELA DE PRESSAO COLOR 4,50 L - PRETA",24,24 peças,9071,,"1467,98","61,17"
9042,2,4,"PANELA DE PRESSAO COLOR 4,50 L - VERMELHA",1,"- 4,50 L",,,"73,71","73,71"
4619,2,4,"PANELA DE PRESSAO COLOR 4,50 L - VERMELHA",6,6 peças,9042,,"373,50","62,25"
4620,2,4,"PANELA DE PRESSAO COLOR 4,50 L - VERMELHA",12,12 peças,9042,,"739,26","61,60"
4664,2,4,"PANELA DE PRESSAO COLOR 4,50 L - VERMELHA",24,24 peças,9042,,"1467,98","61,17"
9022,2,5,"PANELA DE PRESSAO POLIDA 7,00 L ",1,"- 7,00 L",,,"101,61","101,61"
4562,2,5,"PANELA DE PRESSAO POLIDA 7,00 L ",4,4 peças,9022,,"340,32","85,08"
4563,2,5,"PANELA DE PRESSAO POLIDA 7,00 L ",8,8 peças,9022,,"676,49","84,56"
4564,2,5,"PANELA DE PRESSAO POLIDA 7,00 L ",12,12 peças,9022,,"1003,09","83,59"
9041,2,5,"PANELA DE PRESSAO ANTIADERENTE FORT FLON 7,00 L ",1,"- 7,00 L",,,"174,54","174,54"
4627,2,5,"PANELA DE PRESSAO ANTIADERENTE FORT FLON 7,00 L ",4,4 peças,9041,,"582,87","145,72"
4628,2,5,"PANELA DE PRESSAO ANTIADERENTE FORT FLON 7,00 L ",8,8 peças,9041,,"1152,02","144,00"
9038,2,5,"PANELA DE PRESSAO COLOR 7,00 L - CRAQUEADA",1,"- 7,00 L",,,"106,07","106,07"
4621,2,5,"PANELA DE PRESSAO COLOR 7,00 L - CRAQUEADA",4,4 peças,9038,,"372,31","93,08"
4622,2,5,"PANELA DE PRESSAO COLOR 7,00 L - CRAQUEADA",8,8 peças,9038,,"741,21","92,65"
9072,2,5,"PANELA DE PRESSAO COLOR 7,00 L - PRETA",1,"- 7,00 L",,,"106,07","106,07"
4623,2,5,"PANELA DE PRESSAO COLOR 7,00 L - PRETA",4,4 peças,9072,,"372,31","93,08"
4624,2,5,"PANELA DE PRESSAO COLOR 7,00 L - PRETA",8,8 peças,9072,,"741,21","92,65"
9048,2,5,"PANELA DE PRESSAO COLOR 7,00 L - VERMELHA",1,"- 7,00 L",,,"106,07","106,07"
4625,2,5,"PANELA DE PRESSAO COLOR 7,00 L - VERMELHA",4,4 peças,9048,,"372,31","93,08"
4626,2,5,"PANELA DE PRESSAO COLOR 7,00 L - VERMELHA",8,8 peças,9048,,"741,21","92,65"
9023,2,6,"PANELA DE PRESSAO POLIDA 10,00 L ",1,"- 10,00 L",,,"188,51","188,51"
4629,2,6,"PANELA DE PRESSAO POLIDA 10,00 L ",4,4 peças,9023,,"635,00","158,75"
4630,2,6,"PANELA DE PRESSAO POLIDA 10,00 L ",8,8 peças,9023,,"1233,94","154,24"
9054,2,6,"PANELA DE PRESSAO COLOR 10,00 L - CRAQUEADA",1,"- 10,00 L",,,"221,27","221,27"
4631,2,6,"PANELA DE PRESSAO COLOR 10,00 L - CRAQUEADA",4,4 peças,9054,,"730,74","182,69"
4632,2,6,"PANELA DE PRESSAO COLOR 10,00 L - CRAQUEADA",8,8 peças,9054,,"1436,06","179,51"
9014,2,7,ASA DE BAQUELITE PP,1,"- 7,00 L",,,"3,20","3,20"
9085,2,7,ASA DE BAQUELITE PP,1,"- 2,50 - 3,00 - 4,50 L",,,"2,98","2,98"
9030,2,7,ASA DE BAQUELITE PP ,1,"- 10,00 L",,,"3,20","3,20"
9095,2,7,ASA DE BAQUELITE PP FECH EXTERNO,1,"- 3,00 - 4,50 L",,,"3,88","3,88"
9097,2,7,CABO DE BAQUELITE CORPO FECH EXTERNO,1,"- 3,00 - 4,50 L",,,"6,73","6,73"
9015,2,7,CABO DE BAQUELITE PP,1,"- 4,50 - 7,00 L",,,"4,67","4,67"
9084,2,7,CABO DE BAQUELITE PP,1,"- 2,50 - 3,00 L",,,"3,60","3,60"
9029,2,7,CABO DE BAQUELITE PP ,1,"- 10,00 L",,,"5,16","5,16"
9096,2,7,CABO DE BAQUELITE TAMPA FECH EXTERNO,1,"- 3,00 - 4,50 L",,,"10,79","10,79"
9020,2,7,CONJ DE PESO E PINO PP ,1,- TODAS PP,,,"5,63","5,63"
9094,2,7,CONJ DE PESO E PINO PP FECH EXTERNO,1,"- 3,00 - 4,50 L",,,"9,23","9,23"
9010,2,7,GUARNICAO DE SILICONE PP ,1,"- 3,00 - 4,50 L",,,"3,51","3,51"
9027,2,7,GUARNICAO DE SILICONE PP ,1,"- 10,00 L",,,"4,37","4,37"
9032,2,7,GUARNICAO DE SILICONE PP ,1,"- 7,00 L",,,"4,04","4,04"
9083,2,7,GUARNICAO DE SILICONE PP ,1,"- 2,50 L",,,"3,20","3,20"
9093,2,7,GUARNICAO DE SILICONE PP FECH EXTERNO,1,"- 3,00 - 4,50 L",,,"13,29","13,29"
9031,2,7,"HASTE DE METAL CABO TPA PP 10,0 L",1,"- 10,00 L",,,"8,05","8,05"
9086,2,7,"HASTE DE METAL CABO TPA PP 2,5 L",1,"- 2,50 L",,,"5,80","5,80"
9087,2,7,"HASTE DE METAL CABO TPA PP 3,0  L",1,"- 3,00  L",,,"5,80","5,80"
9017,2,7,"HASTE DE METAL CABO TPA PP 4,5 L",1,"- 4,50 L",,,"6,41","6,41"
9018,2,7,"HASTE DE METAL CABO TPA PP 7,0 L",1,"- 7,00 L",,,"6,56","6,56"
9019,2,7,LIMPADOR PINO CENTRAL PP,1,- TODAS PP,,,"1,30","1,30"
9012,2,7,VALVULA DE SEGURANCA SILICONE PP,1,- TODAS PP,,,"1,55","1,55"
5205,3,8,PANELA NEW FORT FLON 16 - TPA VIDRO,1,"- 1,10 L",,,"43,52","43,52"
4774,3,8,PANELA NEW FORT FLON 16 - TPA VIDRO,6,6 peças,5205,,"245,46","40,91"
5206,3,8,PANELA NEW FORT FLON 18 - TPA VIDRO,1,"- 1,60 L",,,"53,00","53,00"
4775,3,8,PANELA NEW FORT FLON 18 - TPA VIDRO,6,6 peças,5206,,"298,92","49,82"
5207,3,8,PANELA NEW FORT FLON 20 - TPA VIDRO,1,"- 2,30 L",,,"61,30","61,30"
4776,3,8,PANELA NEW FORT FLON 20 - TPA VIDRO,6,6 peças,5207,,"345,72","57,62"
5208,3,8,PANELA NEW FORT FLON 22 - TPA VIDRO,1,"- 3,00 L",,,"69,80","69,80"
4777,3,8,PANELA NEW FORT FLON 22 - TPA VIDRO,6,6 peças,5208,,"393,66","65,61"
5200,3,8,CACAROLA NEW FORT FLON 16 - TPA VIDRO,1,"- 1,10 L",,,"48,00","48,00"
4769,3,8,CACAROLA NEW FORT FLON 16 - TPA VIDRO,6,6 peças,5200,,"270,72","45,12"
5201,3,8,CACAROLA NEW FORT FLON 18 - TPA VIDRO,1,"- 1,60 L",,,"57,22","57,22"
4770,3,8,CACAROLA NEW FORT FLON 18 - TPA VIDRO,6,6 peças,5201,,"322,69","53,78"
5202,3,8,CACAROLA NEW FORT FLON 20 - TPA VIDRO,1,"- 2,30 L",,,"67,45","67,45"
4771,3,8,CACAROLA NEW FORT FLON 20 - TPA VIDRO,6,6 peças,5202,,"380,39","63,40"
5203,3,8,CACAROLA NEW FORT FLON 22 - TPA VIDRO,1,"- 3,00 L",,,"76,13","76,13"
4772,3,8,CACAROLA NEW FORT FLON 22 - TPA VIDRO,6,6 peças,5203,,"429,38","71,56"
5204,3,8,CACAROLA NEW FORT FLON 24 - TPA VIDRO,1,"- 4,10 L",,,"86,37","86,37"
4773,3,8,CACAROLA NEW FORT FLON 24 - TPA VIDRO,6,6 peças,5204,,"487,12","81,19"
5029,3,9,PANELA SUPER FORT FLON GRAFITE 16 - TPA VIDRO,1,"- 1,50 L",,,"70,55","70,55"
5030,3,9,PANELA SUPER FORT FLON GRAFITE 18 - TPA VIDRO,1,"- 2,00 L",,,"85,09","85,09"
5031,3,9,PANELA SUPER FORT FLON GRAFITE 20 - TPA VIDRO,1,"- 2,70 L",,,"102,54","102,54"
5032,3,9,PANELA SUPER FORT FLON GRAFITE 22 - TPA VIDRO,1,"- 3,50 L",,,"122,26","122,26"
5033,3,9,CACAROLA SUPER FORT FLON GRAFITE 16 - TPA VIDRO,1,"- 1,50 L",,,"73,05","73,05"
5034,3,9,CACAROLA SUPER FORT FLON GRAFITE 18 - TPA VIDRO,1,"- 2,00 L",,,"87,71","87,71"
5035,3,9,CACAROLA SUPER FORT FLON GRAFITE 20 - TPA VIDRO,1,"- 2,70 L",,,"104,23","104,23"
5036,3,9,CACAROLA SUPER FORT FLON GRAFITE 22 - TPA VIDRO,1,"- 3,50 L",,,"123,85","123,85"
5037,3,9,CACAROLA SUPER FORT FLON GRAFITE 24 - TPA VIDRO,1,"- 4,20 L",,,"147,22","147,22"
1001,3,10,PANELA SUPER FORTE POLIDA 16,1,"- 1,70 L",,,"54,08","54,08"
1002,3,10,PANELA SUPER FORTE POLIDA 18,1,"- 2,30 L",,,"66,02","66,02"
1003,3,10,PANELA SUPER FORTE POLIDA 20,1,"- 3,30 L",,,"80,88","80,88"
1004,3,10,PANELA SUPER FORTE POLIDA 22,1,"- 4,15 L",,,"93,24","93,24"
1005,3,10,CACAROLA SUPER FORTE POLIDA 24,1,"- 5,25 L",,,"117,80","117,80"
1006,3,10,CACAROLA SUPER FORTE POLIDA 16,1,"- 1,70 L",,,"57,88","57,88"
1007,3,10,CACAROLA SUPER FORTE POLIDA 18,1,"- 2,30 L",,,"69,83","69,83"
1008,3,10,CACAROLA SUPER FORTE POLIDA 20,1,"- 3,30 L",,,"86,24","86,24"
1009,3,10,CACAROLA SUPER FORTE POLIDA 22,1,"- 4,15 L",,,"98,66","98,66"
2001,3,11,PANELA EXTRA FORTE POLIDA 16,1,"- 1,55 L",,,"40,93","40,93"
2002,3,11,PANELA EXTRA FORTE POLIDA 18,1,"- 2,10 L",,,"49,62","49,62"
2003,3,11,PANELA EXTRA FORTE POLIDA 20,1,"- 2,80 L",,,"58,53","58,53"
2004,3,11,PANELA EXTRA FORTE POLIDA 22,1,"- 3,60 L",,,"70,48","70,48"
2005,3,11,CACAROLA EXTRA FORTE POLIDA 24,1,"- 4,40 L",,,"85,16","85,16"
2029,3,11,CACAROLA EXTRA FORTE POLIDA 16,1,"- 1,55 L",,,"44,50","44,50"
2030,3,11,CACAROLA EXTRA FORTE POLIDA 18,1,"- 2,10 L",,,"54,68","54,68"
2031,3,11,CACAROLA EXTRA FORTE POLIDA 20,1,"- 2,80 L",,,"61,11","61,11"
2032,3,11,CACAROLA EXTRA FORTE POLIDA 22,1,"- 3,60 L",,,"72,74","72,74"
3033,3,12,PANELA REFORÇADA POLIDA 14,1,"- 1,00 L",,,"20,57","20,57"
4685,3,12,PANELA REFORÇADA POLIDA 14,6,6 peças,3033,,"116,00","19,33"
3034,3,12,PANELA REFORÇADA POLIDA 16,1,"- 1,35 L",,,"32,29","32,29"
4686,3,12,PANELA REFORÇADA POLIDA 16,6,6 peças,3034,,"182,12","30,35"
3035,3,12,PANELA REFORÇADA POLIDA 18,1,"- 1,80 L",,,"37,69","37,69"
4687,3,12,PANELA REFORÇADA POLIDA 18,6,6 peças,3035,,"212,58","35,43"
3036,3,12,PANELA REFORÇADA POLIDA 20,1,"- 2,50 L",,,"45,33","45,33"
4688,3,12,PANELA REFORÇADA POLIDA 20,6,6 peças,3036,,"255,68","42,61"
3037,3,12,PANELA REFORÇADA POLIDA 22,1,"- 3,30 L",,,"53,42","53,42"
4689,3,12,PANELA REFORÇADA POLIDA 22,6,6 peças,3037,,"301,29","50,21"
3038,3,12,CACAROLA REFORÇADA POLIDA 24,1,"- 4,50 L",,,"63,44","63,44"
4690,3,12,CACAROLA REFORÇADA POLIDA 24,6,6 peças,3038,,"357,78","59,63"
3169,3,12,CACAROLA REFORÇADA POLIDA 16,1,"- 1,35 L",,,"35,51","35,51"
4691,3,12,CACAROLA REFORÇADA POLIDA 16,6,6 peças,3168,,"200,25","33,37"
3170,3,12,CACAROLA REFORÇADA POLIDA 18,1,"- 1,80 L",,,"40,60","40,60"
4692,3,12,CACAROLA REFORÇADA POLIDA 18,6,6 peças,3170,,"228,98","38,16"
3171,3,12,CACAROLA REFORÇADA POLIDA 20,1,"- 2,50 L",,,"47,11","47,11"
4693,3,12,CACAROLA REFORÇADA POLIDA 20,6,6 peças,3171,,"265,67","44,28"
3172,3,12,CACAROLA REFORÇADA POLIDA 22,1,"- 3,30 L",,,"54,82","54,82"
4694,3,12,CACAROLA REFORÇADA POLIDA 20,6,6 peças,3172,,"309,18","51,53"
3195,3,12,FRITA FACIL REFORÇADO POLIDA C/ PENEIRA 20,1,"- 2,50 L",,,"88,29","88,29"
3039,3,12,PAPEIRO REFORÇADA POLIDA 14,1,"- 1,00 L",,,"17,93","17,93"
3040,3,12,PAPEIRO REFORÇADA POLIDA 16,1,"- 1,60 L",,,"20,96","20,96"
3041,3,12,PAPEIRO REFORÇADA POLIDA 18,1,"- 1,95 L",,,"26,32","26,32"
3048,3,12,PAPEIRO REFORÇADA POLIDA 112,1,"- 0,70 L",,,"15,96","15,96"
6024,3,13,CACAROLA EXTRA FORTE ACETINADA 30,1,"- 10,50 L",,,"168,11","168,11"
6025,3,13,CACAROLA EXTRA FORTE ACETINADA 36,1,"- 19,00 L",,,"244,16","244,16"
6026,3,13,CACAROLA EXTRA FORTE ACETINADA 40,1,"- 26,00 L",,,"301,89","301,89"
6027,3,13,CACAROLA EXTRA FORTE ACETINADA 45,1,"- 38,00 L",,,"373,48","373,48"
6028,3,13,CACAROLA REFORÇADA ACETINADA 30,1,"- 10,50 L",,,"133,65","133,65"
6029,3,13,CACAROLA REFORÇADA ACETINADA 36,1,"- 19,00 L",,,"189,27","189,27"
6030,3,13,CACAROLA REFORÇADA ACETINADA 40,1,"- 26,00 L",,,"221,07","221,07"
5209,4,14,CALDEIRAO NEW FORT FLON 16 - TPA VIDRO,1,"- 1,75 L",,,"56,27","56,27"
4778,4,14,CALDEIRAO NEW FORT FLON 16 - TPA VIDRO,6,6 peças,5209,,"317,37","52,90"
5210,4,14,CALDEIRAO NEW FORT FLON 18 - TPA VIDRO,1,"- 2,30 L",,,"65,15","65,15"
4779,4,14,CALDEIRAO NEW FORT FLON 18 - TPA VIDRO,6,6 peças,5210,,"367,46","61,24"
2009,4,15,CALDEIRAO EXTRA FORTE POLIDO 16,1,"- 2,00 L",,,"50,85","50,85"
2010,4,15,CALDEIRAO EXTRA FORTE POLIDO 18,1,"- 2,80 L",,,"59,70","59,70"
3238,4,16,CALDEIRAO REFORÇADO POLIDO 16,1,"- 2,00 L",,,"39,50","39,50"
3045,4,16,CALDEIRAO BOJUDO REFORÇADO FOSCO 10,1,"- 1,00 L",,,"15,38","15,38"
3046,4,16,CALDEIRAO BOJUDO REFORÇADO FOSCO 12,1,"- 1,55 L",,,"19,81","19,81"
3047,4,16,CALDEIRAO BOJUDO REFORÇADO FOSCO 14,1,"- 2,25 L",,,"24,41","24,41"
6031,4,17,CALDEIRAO EXTRA FORTE ACETINADO 30,1,"- 21,00 L",,,"231,32","231,32"
6032,4,17,CALDEIRAO EXTRA FORTE ACETINADO 36,1,"- 35,00 L",,,"316,68","316,68"
6033,4,17,CALDEIRAO EXTRA FORTE ACETINADO 40,1,"- 49,00 L",,,"410,71","410,71"
6034,4,17,CALDEIRAO EXTRA FORTE ACETINADO 45,1,"- 74,00 L",,,"494,88","494,88"
6035,4,17,CALDEIRAO REFORÇADO ACETINADO 30,1,"- 21,00 L",,,"182,15","182,15"
6036,4,17,CALDEIRAO REFORÇADO ACETINADO 36,1,"- 35,00 L",,,"248,34","248,34"
6037,4,17,CALDEIRAO REFORÇADO ACETINADO 40,1,"- 49,00 L",,,"313,72","313,72"
6038,4,17,CALDEIRAO REFORÇADO ACETINADO 26,1,"- 13,00 L",,,"135,79","135,79"
6039,4,17,CALDEIRAO REFORÇADO ACETINADO 28,1,"- 16,50 L",,,"146,52","146,52"
6040,4,17,CALDEIRAO EXTRA FORTE ACETINADO 26,1,"- 13,00 L",,,"177,90","177,90"
6041,4,17,CALDEIRAO EXTRA FORTE ACETINADO 28,1,"- 16,50 L",,,"192,95","192,95"
5211,5,18,CANECAO NEW FORT FLON 12,1,"- 1,10 L",,,"26,56","26,56"
4780,5,18,CANECAO NEW FORT FLON 12,6,6 peças,5211,,"149,77","24,96"
5212,5,18,CANECAO NEW FORT FLON 14,1,"- 1,55 L",,,"32,48","32,48"
4781,5,18,CANECAO NEW FORT FLON 14,6,6 peças,5212,,"183,17","30,53"
5213,5,18,CANECAO NEW FORT FLON 16,1,"- 2,20 L",,,"44,13","44,13"
4782,5,18,CANECAO NEW FORT FLON 16,6,6 peças,5213,,"248,91","41,49"
5214,5,18,FERVEDOR NEW FORT FLON C/ TPA VIDRO 12,1,"- 1,05 L",,,"41,47","41,47"
4783,5,18,FERVEDOR NEW FORT FLON C/ TPA VIDRO 12,6,6 peças,5214,,"233,91","38,98"
5215,5,18,FERVEDOR NEW FORT FLON C/ TPA VIDRO 14,1,"- 1,55 L",,,"47,32","47,32"
4784,5,18,FERVEDOR NEW FORT FLON C/ TPA VIDRO 14,6,6 peças,5215,,"266,88","44,48"
5216,5,18,FERVEDOR NEW FORT FLON C/ TPA VIDRO 16,1,"- 2,20 L",,,"59,62","59,62"
4785,5,18,FERVEDOR NEW FORT FLON C/ TPA VIDRO 16,6,6 peças,5216,,"336,23","56,04"
2033,5,19,CANECAO EXTRA FORTE POLIDO 10,1,"- 1,00 L",,,"19,48","19,48"
2016,5,19,CANECAO EXTRA FORTE POLIDO 12,1,"- 1,30 L",,,"26,89","26,89"
2017,5,19,CANECAO EXTRA FORTE POLIDO 14,1,"- 1,90 L",,,"31,84","31,84"
2018,5,19,CANECAO EXTRA FORTE POLIDO 16,1,"- 2,55 L",,,"42,23","42,23"
2054,5,19,CANECAO EXTRA FORTE POLIDO 18,1,"- 4,00 L",,,"65,08","65,08"
2020,5,19,FERVEDOR EXTRA FORTE POLIDO 12,1,"- 1,10 L",,,"33,19","33,19"
2021,5,19,FERVEDOR EXTRA FORTE POLIDO 14,1,"- 1,70 L",,,"39,52","39,52"
2022,5,19,FERVEDOR EXTRA FORTE POLIDO 16,1,"- 2,35 L",,,"51,83","51,83"
2049,5,19,CANECAO EXTRA FORTE POLIDO C/ CABO MAD 10,1,"- 1,00 L",,,"25,48","25,48"
2050,5,19,CANECAO EXTRA FORTE POLIDO C/ CABO MAD 12,1,"- 1,30 L",,,"31,97","31,97"
2051,5,19,CANECAO EXTRA FORTE POLIDO C/ CABO MAD 14,1,"- 1,90 L",,,"37,33","37,33"
2052,5,19,CANECAO EXTRA FORTE POLIDO C/ CABO MAD 16,1,"- 2,55 L",,,"47,69","47,69"
2019,5,19,CANECAO EXTRA FORTE POLIDO C/ CABO MAD 18,1,"- 4,00 L",,,"54,68","54,68"
3049,5,20,CANECAO REFORÇADO POLIDO 10,1,"- 1,00 L",,,"16,03","16,03"
4682,5,20,CANECAO REFORÇADO POLIDO 10,6,6 peças,3049,,"90,42","15,07"
3061,5,20,CANECAO REFORÇADO POLIDO 12,1,"- 1,30 L",,,"18,02","18,02"
4673,5,20,CANECAO REFORÇADO POLIDO 12,6,6 peças,3061,,"101,64","16,94"
3062,5,20,CANECAO REFORÇADO POLIDO 14,1,"- 1,90 L",,,"22,53","22,53"
4674,5,20,CANECAO REFORÇADO POLIDO 14,6,6 peças,3062,,"127,05","21,18"
3063,5,20,CANECAO REFORÇADO POLIDO 16,1,"- 2,55 L",,,"27,42","27,42"
4675,5,20,CANECAO REFORÇADO POLIDO 16,6,6 peças,3063,,"154,65","25,77"
3044,5,20,CANECAO REFORÇADO POLIDO 18,1,"- 3,85 L",,,"50,29","50,29"
4683,5,20,CANECAO REFORÇADO POLIDO 18,6,6 peças,3044,,"283,66","47,28"
3081,5,20,FERVEDOR REFORÇADO POLIDO 12,1,"- 1,10 L",,,"24,43","24,43"
4676,5,20,FERVEDOR REFORÇADO POLIDO 12,6,6 peças,3081,,"137,81","22,97"
3082,5,20,FERVEDOR REFORÇADO POLIDO 14,1,"- 1,70 L",,,"29,83","29,83"
4677,5,20,FERVEDOR REFORÇADO POLIDO 14,6,6 peças,3082,,"168,22","28,04"
3083,5,20,FERVEDOR REFORÇADO POLIDO 16,1,"- 2,35 L",,,"37,17","37,17"
4678,5,20,FERVEDOR REFORÇADO POLIDO 16,6,6 peças,3083,,"209,66","34,94"
3218,5,20,CANECAO REFORÇADO POLIDO C/ CABO MADEIRA 12,1,"- 1,30 L",,,"24,30","24,30"
4679,5,20,CANECAO REFORÇADO POLIDO C/ CABO MADEIRA 12,6,6 peças,3218,,"137,08","22,85"
3219,5,20,CANECAO REFORÇADO POLIDO C/ CABO MADEIRA 14,1,"- 1,90 L",,,"28,73","28,73"
4680,5,20,CANECAO REFORÇADO POLIDO C/ CABO MADEIRA 14,6,6 peças,3219,,"162,01","27,00"
3220,5,20,CANECAO REFORÇADO POLIDO C/ CABO MADEIRA 16,1,"- 2,55 L",,,"33,90","33,90"
4681,5,20,CANECAO REFORÇADO POLIDO C/ CABO MADEIRA 16,6,6 peças,3220,,"191,21","31,87"
3064,5,20,CANECAO REFORÇADO POLIDO C/ CABO MADEIRA 18,1,"- 3,85 L",,,"40,35","40,35"
4684,5,20,CANECAO REFORÇADO POLIDO C/ CABO MADEIRA 18,6,6 peças,3064,,"227,56","37,93"
6015,5,21,CANECAO EXTRA ACETINADO 20 ,1,"- 5,50 L",,,"76,47","76,47"
4059,5,22,JOGO CANECOES REFORÇADO CRAQUEADO 12 A 16 ,1,12-14-16,,,"75,56","75,56"
4098,5,22,JOGO CANECOES REFORÇADO VERMELHO 12 A 16,1,12-14-16,,,"75,56","75,56"
4139,5,22,JOGO CANECOES REFORÇADO PRETO 12 A 16,1,12-14-16,,,"75,56","75,56"
5226,6,23,FRIG FRANCESA NEW FORT FLON 16,1,"- 0,60 L",,,"22,31","22,31"
4794,6,23,FRIG FRANCESA NEW FORT FLON 16,6,6 peças,5226,,"125,83","20,97"
5227,6,23,FRIG FRANCESA NEW FORT FLON 18,1,"- 0,75 L",,,"26,09","26,09"
4795,6,23,FRIG FRANCESA NEW FORT FLON 18,6,6 peças,5227,,"147,15","24,52"
5228,6,23,FRIG FRANCESA NEW FORT FLON 20,1,"- 0,85 L",,,"28,49","28,49"
4796,6,23,FRIG FRANCESA NEW FORT FLON 20,6,6 peças,5228,,"160,68","26,78"
5229,6,23,FRIG FRANCESA NEW FORT FLON 22,1,"- 1,00 L",,,"33,92","33,92"
4797,6,23,FRIG FRANCESA NEW FORT FLON 22,6,6 peças,5229,,"191,32","31,89"
5230,6,23,FRIG FRANCESA NEW FORT FLON 24,1,"- 1,15 L",,,"38,41","38,41"
4798,6,23,FRIG FRANCESA NEW FORT FLON 24,6,6 peças,5230,,"216,64","36,11"
5231,6,23,FRIG FRANCESA NEW FORT FLON 26,1,"- 1,65 L",,,"45,41","45,41"
4799,6,23,FRIG FRANCESA NEW FORT FLON 26,6,6 peças,5231,,"256,12","42,69"
5221,6,23,FRIG NEW FORT FLON 18 - TPA VIDRO,1,"- 0,90 L",,,"44,65","44,65"
4790,6,23,FRIG NEW FORT FLON 18 - TPA VIDRO,6,6 peças,5221,,"251,84","41,97"
5222,6,23,FRIG NEW FORT FLON 20 - TPA VIDRO,1,"- 1,15 L",,,"51,45","51,45"
4791,6,23,FRIG NEW FORT FLON 20 - TPA VIDRO,6,6 peças,5222,,"290,19","48,37"
5223,6,23,FRIG NEW FORT FLON 22 - TPA VIDRO,1,"- 1,65 L",,,"58,37","58,37"
4792,6,23,FRIG NEW FORT FLON 22 - TPA VIDRO,6,6 peças,5223,,"329,20","54,87"
5224,6,23,FRIG NEW FORT FLON 24 - TPA VIDRO,1,"- 1,95 L",,,"65,62","65,62"
4793,6,23,FRIG NEW FORT FLON 24 - TPA VIDRO,6,6 peças,5224,,"370,08","61,68"
5217,6,23,FRIG NEW FORT FLON S/ TPA 18,1,"- 0,90 L",,,"29,19","29,19"
4786,6,23,FRIG NEW FORT FLON S/ TPA 18,6,6 peças,5217,,"164,61","27,44"
5218,6,23,FRIG NEW FORT FLON S/ TPA 20,1,"- 1,15 L",,,"34,70","34,70"
4787,6,23,FRIG NEW FORT FLON S/ TPA 20,6,6 peças,5218,,"195,73","32,62"
5219,6,23,FRIG NEW FORT FLON S/ TPA 22,1,"- 1,65 L",,,"40,58","40,58"
4788,6,23,FRIG NEW FORT FLON S/ TPA 22,6,6 peças,5219,,"228,88","38,15"
5220,6,23,FRIG NEW FORT FLON S/ TPA 24,1,"- 1,95 L",,,"45,51","45,51"
4789,6,23,FRIG NEW FORT FLON S/ TPA 24,6,6 peças,5220,,"256,65","42,78"
5079,6,23,BISTEQUEIRA CANELADA QUADRADA FORT FLON ,1,"- 28,5 X 26,5 X 2,4 CM",,,"99,44","99,44"
4801,6,23,BISTEQUEIRA CANELADA QUADRADA FORT FLON ,6,6 peças,5079,,"560,84","93,47"
5103,6,23,CREPEIRA / PANQUEQUEIRA FORT FLON 20,1,"- 0,60 L",,,"41,32","41,32"
4804,6,23,CREPEIRA / PANQUEQUEIRA FORT FLON 20,6,6 peças,5103,,"233,06","38,84"
5076,6,23,CREPEIRA / PANQUEQUEIRA FORT FLON 22,1,"- 0,70 L",,,"48,57","48,57"
4800,6,23,CREPEIRA / PANQUEQUEIRA FORT FLON 22,6,6 peças,5076,,"273,95","45,66"
5040,6,23,OMELETEIRA FORT FLON 18,1,"- 0,70 L",,,"61,77","61,77"
5101,6,23,OMELETEIRA FORT FLON 20,1,"- 1,10 L",,,"74,19","74,19"
4802,6,23,OMELETEIRA FORT FLON 20,6,6 peças,5101,,"418,45","69,74"
5102,6,23,OMELETEIRA FORT FLON 22,1,"- 1,50 L",,,"83,14","83,14"
4803,6,23,OMELETEIRA FORT FLON 22,6,6 peças,5102,,"468,89","78,15"
5120,6,24,FRIG SUPER FORT FLON GRAFITE S/ TPA 20 ,1,"- 1,80 L",,,"60,70","60,70"
5121,6,24,FRIG SUPER FORT FLON GRAFITE S/ TPA 22 ,1,"- 2,50 L",,,"75,38","75,38"
5122,6,24,FRIG SUPER FORT FLON GRAFITE S/ TPA 24 ,1,"- 3,00 L",,,"89,89","89,89"
5123,6,24,FRIG SUPER FORT FLON GRAFITE C/ TPA VIDRO 20,1,"- 1,80 L ",,,"74,73","74,73"
5124,6,24,FRIG SUPER FORT FLON GRAFITE C/ TPA VIDRO 22,1,"- 2,50 L ",,,"89,28","89,28"
5125,6,24,FRIG SUPER FORT FLON GRAFITE C/ TPA VIDRO 24,1,"- 3,00 L ",,,"106,57","106,57"
1024,6,25,FRIG SUPER FORTE POLIDA S/ TPA 20,1,"- 1,60 L",,,"48,45","48,45"
1025,6,25,FRIG SUPER FORTE POLIDA S/ TPA 22,1,"- 1,90 L",,,"59,87","59,87"
1028,6,25,FRIG SUPER FORTE POLIDA S/ TPA 24,1,"- 2,70 L",,,"71,11","71,11"
1026,6,25,FRIG SUPER FORTE POLIDA C/ TPA 20,1,"- 1,60 L",,,"65,57","65,57"
1027,6,25,FRIG SUPER FORTE POLIDA C/ TPA 22,1,"- 1,90 L",,,"78,26","78,26"
1029,6,25,FRIG SUPER FORTE POLIDA C/ TPA 24,1,"- 2,70 L",,,"92,57","92,57"
2023,6,26,FRIG EXTRA FORTE POLIDA S/ TPA 20,1,"- 1,60 L",,,"33,26","33,26"
2024,6,26,FRIG EXTRA FORTE POLIDA S/ TPA 22,1,"- 1,90 L",,,"37,78","37,78"
2025,6,26,FRIG EXTRA FORTE POLIDA S/ TPA 24,1,"- 2,70 L",,,"44,24","44,24"
2026,6,26,FRIG EXTRA FORTE POLIDA C/ TPA 20,1,"- 1,60 L",,,"49,42","49,42"
2027,6,26,FRIG EXTRA FORTE POLIDA C/ TPA 22,1,"- 1,90 L",,,"56,08","56,08"
2028,6,26,FRIG EXTRA FORTE POLIDA C/ TPA 24,1,"- 2,70 L",,,"64,38","64,38"
3084,6,27,FRIG REFORÇADA POLIDA S/ TPA 20,1,"- 1,30 L",,,"22,86","22,86"
3085,6,27,FRIG REFORÇADA POLIDA S/ TPA 22,1,"- 1,80 L",,,"25,60","25,60"
3086,6,27,FRIG REFORÇADA POLIDA S/ TPA 20,1,"- 2,20 L",,,"30,62","30,62"
3256, 7,28,ASSADEIRA RETANGULAR ALTA REFORÇADA 01,1,"- 27 X 17,8 X 5 CM",,,"19,32","19,32"
4721, 7,28,ASSADEIRA RETANGULAR ALTA REFORÇADA 01,6,6 peças,3256,,"108,94","18,16"
3257, 7,28,ASSADEIRA RETANGULAR ALTA REFORÇADA 02,1,"- 33,2 X 21,2 X 5 CM",,,"24,95","24,95"
4722, 7,28,ASSADEIRA RETANGULAR ALTA REFORÇADA 02,6,6 peças,3257,,"140,69","23,45"
3258, 7,28,ASSADEIRA RETANGULAR ALTA REFORÇADA 03,1,"- 34,5 X 23,7 X 5,5 CM",,,"30,49","30,49"
4723, 7,28,ASSADEIRA RETANGULAR ALTA REFORÇADA 03,6,6 peças,3258,,"171,96","28,66"
3259, 7,28,ASSADEIRA RETANGULAR ALTA REFORÇADA 04,1,"- 39,4 X 28,2 X 5,8 CM",,,"42,91","42,91"
4724, 7,28,ASSADEIRA RETANGULAR ALTA REFORÇADA 04,6,6 peças,3259,,"242,03","40,34"
3260, 7,28,ASSADEIRA RETANGULAR ALTA REFORÇADA 05,1,"- 44,9 X 30,1 X 6,5 CM",,,"59,05","59,05"
4725, 7,28,ASSADEIRA RETANGULAR ALTA REFORÇADA 05,6,6 peças,3260,,"333,07","55,51"
3250, 7,28,ASSADDEIRA RETANGULAR BAIXA REFORÇADA 01,1,"- 27 X 17,9 X 3,7 CM",,,"14,28","14,28"
4716, 7,28,ASSADDEIRA RETANGULAR BAIXA REFORÇADA 01,6,6 peças,3250,,"80,52","13,42"
3251, 7,28,ASSADDEIRA RETANGULAR BAIXA REFORÇADA 02,1,"- 31,1 X 21,3 X 3,8 CM",,,"21,25","21,25"
4717, 7,28,ASSADDEIRA RETANGULAR BAIXA REFORÇADA 02,6,6 peças,3251,,"119,85","19,98"
3252, 7,28,ASSADDEIRA RETANGULAR BAIXA REFORÇADA 03,1,"- 34,6 X 23,7 X 4 CM",,,"26,27","26,27"
4718, 7,28,ASSADDEIRA RETANGULAR BAIXA REFORÇADA 03,6,6 peças,3252,,"148,17","24,70"
3253, 7,28,ASSADDEIRA RETANGULAR BAIXA REFORÇADA 04,1,"- 39,3 X 28,2 X 4,2 CM",,,"36,18","36,18"
4719, 7,28,ASSADDEIRA RETANGULAR BAIXA REFORÇADA 04,6,6 peças,3253,,"204,08","34,01"
3254, 7,28,ASSADDEIRA RETANGULAR BAIXA REFORÇADA 05,1,"- 44,6 X 30,1 X 4,5 CM",,,"46,65","46,65"
4720, 7,28,ASSADDEIRA RETANGULAR BAIXA REFORÇADA 05,6,6 peças,3254,,"263,10","43,85"
5127, 7,28,ASSADEIRA RETANGULAR ALTA FORT FLON 02,1,"- 31,1 X 21,1 X 5,2 CM ",,,"51,87","51,87"
4767, 7,28,ASSADEIRA RETANGULAR ALTA FORT FLON 02,6,6 peças,5127,,"292,55","48,76"
5128, 7,28,ASSADEIRA RETANGULAR ALTA FORT FLON 03,1,"- 34,5 X 23,7 X 5,5 CM",,,"62,58","62,58"
4768, 7,28,ASSADEIRA RETANGULAR ALTA FORT FLON 03,6,6 peças,5128,,"352,93","58,82"
5233, 7,29,ASSADEIRA REDONDA FORT FLON 25,1,"- 25 X 6,7 CM",,,"48,54","48,54"
4766, 7,29,ASSADEIRA REDONDA FORT FLON 25,6,6 peças,5233,,"273,79","45,63"
3292, 7,29,ASSADEIRA REDONDA REFORÇADA ACETINADA 15,1,"- 15 X 6,5 CM",,,"11,29","11,29"
4715, 7,29,ASSADEIRA REDONDA REFORÇADA ACETINADA 15,6,6 peças,3292,,"63,67","10,61"
3006, 7,29,ASSADEIRA REDONDA REFORÇADA ACETINADA 20,1,"- 20 X 6,6 CM",,,"18,03","18,03"
4700, 7,29,ASSADEIRA REDONDA REFORÇADA ACETINADA 20,6,6 peças,3006,,"101,70","16,95"
3007, 7,29,ASSADEIRA REDONDA REFORÇADA ACETINADA 25,1,"- 25 X 6,7 CM",,,"25,20","25,20"
4701, 7,29,ASSADEIRA REDONDA REFORÇADA ACETINADA 25,6,6 peças,3007,,"142,10","23,68"
3008, 7,29,ASSADEIRA REDONDA REFORÇADA ACETINADA 30,1,- 30 X 7 CM,,,"32,21","32,21"
4702, 7,29,ASSADEIRA REDONDA REFORÇADA ACETINADA 30,6,6 peças,3008,,"181,64","30,27"
3009, 7,29,ASSADEIRA REDONDA REFORÇADA ACETINADA 35,1,- 35 X 7 CM,,,"46,75","46,75"
4703, 7,29,ASSADEIRA REDONDA REFORÇADA ACETINADA 35,6,6 peças,3009,,"263,67","43,95"
3291, 7,29,ASSADEIRA REDONDA ALTA REFORÇADA ACETINADA 15,1,- 15 X 10 CM,,,"15,07","15,07"
4704, 7,29,ASSADEIRA REDONDA ALTA REFORÇADA ACETINADA 15,6,6 peças,3291,,"84,97","14,16"
3283, 7,29,ASSADEIRA REDONDA ALTA REFORÇADA ACETINADA 20,1,- 20 X 10 CM,,,"21,54","21,54"
4705, 7,29,ASSADEIRA REDONDA ALTA REFORÇADA ACETINADA 20,6,6 peças,3283,,"121,51","20,25"
3284, 7,29,ASSADEIRA REDONDA ALTA REFORÇADA ACETINADA 25,1,- 25 X 10 CM,,,"25,36","25,36"
4706, 7,29,ASSADEIRA REDONDA ALTA REFORÇADA ACETINADA 25,6,6 peças,3284,,"143,02","23,84"
3285, 7,29,ASSADEIRA REDONDA ALTA REFORÇADA ACETINADA 30,1,- 30 X 10 CM,,,"32,38","32,38"
4707, 7,29,ASSADEIRA REDONDA ALTA REFORÇADA ACETINADA 30,6,6 peças,3285,,"182,63","30,44"
5043, 7,30,ASSADEIRA DE BOLO C/ TUBO FORT FLON 24,1,- 24 X 8 CM,,,"41,58","41,58"
4762, 7,30,ASSADEIRA DE BOLO C/ TUBO FORT FLON 24,6,6 peças,5043,,"234,50","39,08"
5044, 7,30,ASSADEIRA DE BOLO C/ TUBO FORT FLON 26,1,"- 26 X 8,4 CM ",,,"46,67","46,67"
4763, 7,30,ASSADEIRA DE BOLO C/ TUBO FORT FLON 26,6,6 peças,5044,,"263,20","43,87"
5045, 7,30,ASSADEIRA DE PUDIM FORT FLON 20,1,"- 20 X 8,1 CM",,,"28,73","28,73"
4764, 7,30,ASSADEIRA DE PUDIM FORT FLON 20,6,6 peças,5045,,"162,06","27,01"
5046, 7,30,ASSADEIRA DE PUDIM FORT FLON 22,1,"- 22 X 9,3 CM",,,"36,88","36,88"
4765, 7,30,ASSADEIRA DE PUDIM FORT FLON 22,6,6 peças,5046,,"207,99","34,67"
3116, 7,30,ASSAD DE BOLO C/ TUBO REFORÇADA ACETINADA 24,1,- 24 X 8 CM,,,"22,73","22,73"
4713, 7,30,ASSAD DE BOLO C/ TUBO REFORÇADA ACETINADA 24,6,6 peças,3116,,"128,19","21,36"
3113, 7,30,ASSAD DE BOLO C/ TUBO REFORÇADA ACETINADA 26,1,"- 26 X 8,4 CM",,,"25,63","25,63"
4714, 7,30,ASSAD DE BOLO C/ TUBO REFORÇADA ACETINADA 26,6,6 peças,3113,,"144,53","24,09"
3228, 7,30,ASSADDEIRA DE PUDIM REF ORÇADA ACETINADA 14,1,"- 14 X 6,2 CM",,,"8,87","8,87"
4708, 7,30,ASSADDEIRA DE PUDIM REF ORÇADA ACETINADA 14,6,6 peças,3228,,"50,03","8,34"
3137, 7,30,ASSADDEIRA DE PUDIM REF ORÇADA ACETINADA 16,1,"- 16 X 6,6 CM",,,"11,55","11,55"
4709, 7,30,ASSADDEIRA DE PUDIM REF ORÇADA ACETINADA 16,6,6 peças,3137,,"65,12","10,85"
3235, 7,30,ASSADDEIRA DE PUDIM REF ORÇADA ACETINADA 18,1,"- 18 X 7,1 CM",,,"13,83","13,83"
4710, 7,30,ASSADDEIRA DE PUDIM REF ORÇADA ACETINADA 18,6,6 peças,3235,,"78,01","13,00"
3115, 7,30,ASSADDEIRA DE PUDIM REF ORÇADA ACETINADA 20,1,"- 20 X 8,1 CM",,,"14,97","14,97"
4711, 7,30,ASSADDEIRA DE PUDIM REF ORÇADA ACETINADA 20,6,6 peças,3115,,"84,42","14,07"
3100, 7,30,ASSADDEIRA DE PUDIM REF ORÇADA ACETINADA 22,1,"- 22 X 9,0 CM",,,"17,79","17,79"
4712, 7,30,ASSADDEIRA DE PUDIM REF ORÇADA ACETINADA 22,6,6 peças,3100,,"100,32","16,72"
3305, 7,31,ASSADEIRA REDONDA ALTA C/ FUNDO REMOVIVEL 15,1,- 15 X 10 CM,,,"16,70","16,70"
4735, 7,31,ASSADEIRA REDONDA ALTA C/ FUNDO REMOVIVEL 15,6,6 peças,3305,,"94,19","15,70"
3306, 7,31,ASSADEIRA REDONDA ALTA C/ FUNDO REMOVIVEL 20,1,- 20 X 10 CM,,,"29,53","29,53"
4736, 7,31,ASSADEIRA REDONDA ALTA C/ FUNDO REMOVIVEL 20,6,6 peças,3306,,"166,56","27,76"
3307, 7,31,ASSADEIRA REDONDA ALTA C/ FUNDO REMOVIVEL 25,1,- 25 X 10 CM,,,"37,21","37,21"
4737, 7,31,ASSADEIRA REDONDA ALTA C/ FUNDO REMOVIVEL 25,6,6 peças,3307,,"209,84","34,97"
3308, 7,31,ASSADEIRA REDONDA BAIXA C/ FUNDO REMOVIVEL 15,1,"- 15 X 6,5 CM",,,"15,48","15,48"
4732, 7,31,ASSADEIRA REDONDA BAIXA C/ FUNDO REMOVIVEL 15,6,6 peças,3308,,"87,30","14,55"
3309, 7,31,ASSADEIRA REDONDA BAIXA C/ FUNDO REMOVIVEL 20,1,"- 20 X 6,5 CM",,,"22,63","22,63"
4733, 7,31,ASSADEIRA REDONDA BAIXA C/ FUNDO REMOVIVEL 20,6,6 peças,3309,,"127,64","21,27"
3155, 7,31,ASSADEIRA REDONDA BAIXA C/ FUNDO REMOVIVEL 25,1,"- 25 X 6,5 CM",,,"33,04","33,04"
4734, 7,31,ASSADEIRA REDONDA BAIXA C/ FUNDO REMOVIVEL 25,6,6 peças,3155,,"186,37","31,06"
3295, 7,32,ASSADEIRA REDONDA BALLERINE CONICA  20 ,1,- 20 X 7 CM,,,"14,35","14,35"
4729, 7,32,ASSADEIRA REDONDA BALLERINE CONICA  20 ,6,6 peças,3295,,"80,92","13,49"
3296, 7,32,ASSADEIRA REDONDA BALLERINE CONICA  22,1,- 22 X 8 CM,,,"18,58","18,58"
4730, 7,32,ASSADEIRA REDONDA BALLERINE CONICA  22,6,6 peças,3296,,"104,77","17,46"
3297, 7,32,ASSADEIRA REDONDA BALLERINE CONICA  25,1,- 25 X 9 CM,,,"23,39","23,39"
4731, 7,32,ASSADEIRA REDONDA BALLERINE CONICA  25,6,6 peças,3297,,"131,93","21,99"
3286, 7,32,ASSADEIRA REDONDA BALLERINE RETA 20 ,1,"- 20 X 6,6 CM",,,"15,34","15,34"
4726, 7,32,ASSADEIRA REDONDA BALLERINE RETA 20 ,6,6 peças,3286,,"86,50","14,42"
3287, 7,32,ASSADEIRA REDONDA BALLERINE RETA 25,1,"- 25 X 6,7 CM",,,"21,95","21,95"
4727, 7,32,ASSADEIRA REDONDA BALLERINE RETA 25,6,6 peças,3287,,"123,77","20,63"
3288, 7,32,ASSADEIRA REDONDA BALLERINE RETA 30,1,"- 30 X 7,0 CM",,,"28,35","28,35"
4728, 7,32,ASSADEIRA REDONDA BALLERINE RETA 30,6,6 peças,3288,,"159,88","26,65"
3002, 7,33,ASSADEIRA DE PIZZA 20,1,"- 20 X 1,6 CM",,,"9,74","9,74"
4695, 7,33,ASSADEIRA DE PIZZA 20,6,6 peças,3002,,"54,93","9,15"
3003, 7,33,ASSADEIRA DE PIZZA 25,1,"- 25 X 1,7 CM",,,"14,71","14,71"
4696, 7,33,ASSADEIRA DE PIZZA 25,6,6 peças,3003,,"82,94","13,82"
3004, 7,33,ASSADEIRA DE PIZZA 30,1,"- 30 X 1,8 CM",,,"22,49","22,49"
4697, 7,33,ASSADEIRA DE PIZZA 30,6,6 peças,3004,,"126,84","21,14"
3005, 7,33,ASSADEIRA DE PIZZA 35,1,"- 35 X 1,8 CM",,,"32,57","32,57"
4698, 7,33,ASSADEIRA DE PIZZA 35,6,6 peças,3005,,"183,67","30,61"
3240, 7,33,ASSADEIRA DE PIZZA 35 FURADA,1,"- 35 X 1,5 CM",,,"34,84","34,84"
4699, 7,33,ASSADEIRA DE PIZZA 35 FURADA,6,6 peças,3240,,"196,48","32,75"
3134, 7,34,ASSADEIRA DE PAO REFORÇADA 01,1,"- 20,4 X 9,4 X 4,6 CM",,,"13,74","13,74"
4738, 7,34,ASSADEIRA DE PAO REFORÇADA 01,6,6 peças,3134,,"77,48","12,91"
3135, 7,34,ASSADEIRA DE PAO REFORÇADA 02,1,"- 23,4 X 9,9 X 5,7 CM ",,,"17,47","17,47"
4739, 7,34,ASSADEIRA DE PAO REFORÇADA 02,6,6 peças,3135,,"98,55","16,43"
3136, 7,34,ASSADEIRA DE PAO REFORÇADA 03,1,"- 27,9 X 10,8 X 6,2 CM ",,,"22,80","22,80"
4740, 7,34,ASSADEIRA DE PAO REFORÇADA 03,6,6 peças,3136,,"128,59","21,43"
3160, 7,35,ASSADEIRA DE BOLO CORACAO REFORÇADA 01,1,"- 18,5 X 19,1 X 4 CM",,,"18,74","18,74"
3161, 7,35,ASSADEIRA DE BOLO CORACAO REFORÇADA 02,1,"- 24 X 23,3 X 4,5 CM",,,"27,68","27,68"
3162, 7,35,ASSADEIRA DE BOLO CORACAO REFORÇADA 03,1,"- 31,8 X 31,8 X 5 CM",,,"49,47","49,47"
3246, 7,36,ASSADEIRA QUADRADA REFORÇADA 01,1,- 21 X 21 X 6 CM  ,,,"31,43","31,43"
3247, 7,36,ASSADEIRA QUADRADA REFORÇADA 02,1,"- 27 X 27 X 6,5 CM",,,"43,16","43,16"
3248, 7,36,ASSADEIRA QUADRADA REFORÇADA 03,1,- 34 X 34 X 7 CM ,,,"63,41","63,41"
5178,8,,CACAROLA WOK FORT FLON 26 C/ ASAS - SEM TPA,1,"- 3,60 L",,,"71,80","71,80"
5173,8,,CACAROLA WOK FORT FLON 26 C/ ASAS - TPA VIDRO,1,"- 3,60 L",,,"95,73","95,73"
5180,8,,CACAROLA WOK FORT FLON 28 C/ ASAS - SEM TPA,1,"- 4,60 L",,,"82,19","82,19"
5175,8,,CACAROLA WOK FORT FLON 28 C/ ASAS - TPA VIDRO,1,"- 4,60 L",,,"107,67","107,67"
5169,8,,PAELLEIRA FORT FLON C/ ASAS 30,1,"- 1,50 L",,,"134,07","134,07"
5170,8,,PAELLEIRA FORT FLON C/ ASAS 32,1,"- 2,00 L",,,"149,74","149,74"
5177,8,,PANELA WOK FORT FLON 26 C/ CABO  - SEM TPA,1,"- 3,60 L",,,"69,20","69,20"
5174,8,,PANELA WOK FORT FLON 26 C/ CABO  - TPA VIDRO,1,"- 3,60 L",,,"92,39","92,39"
5179,8,,PANELA WOK FORT FLON 28 C/ CABO - SEM TPA,1,"- 4,60 L",,,"79,01","79,01"
5176,8,,PANELA WOK FORT FLON 28 C/ CABO - TPA VIDRO,1,"- 4,60 L",,,"104,37","104,37"
3042,9,,COPO RETO REFORÇADO POLIDO C/ ASA 07 ,1,"- 0,33 L",,,"10,41","10,41"
3043,9,,COPO CONICO REFORÇADO POLIDO C/ ASA 09,1,"- 0,53 L",,,"13,21","13,21"
3053,9,,COPO RETO REFORÇADO FOSCO C/ ASA 07,1,"- 0,27 L",,,"6,55","6,55"
3054,9,,COPO RETO REFORÇADO FOSCO C/ ASA 08,1,"- 0,40 L",,,"7,35","7,35"
3055,9,,COPO RETO REFORÇADO FOSCO C/ ASA 09,1,"- 0,52 L",,,"7,69","7,69"
3067,9,,COPO CONICO REFORÇADO POLIDO 08,1,"- 0,36 L",,,"6,49","6,49"
3087,10,37,JARRA CONICA REFORÇADA POLIDA 01,1,"- 1,40 L",,,"17,24","17,24"
4741,10,37,JARRA CONICA REFORÇADA POLIDA 01,6,6 peças,3087,,"97,26","16,21"
3088,10,38,JARRA BOJUDA REFORÇADA POLIDA 00,1,"- 0,70 L",,,"11,82","11,82"
4742,10,38,JARRA BOJUDA REFORÇADA POLIDA 00,6,6 peças,3088,,"66,64","11,11"
3089,10,38,JARRA BOJUDA REFORÇADA POLIDA 01,1,"- 1,50 L",,,"19,99","19,99"
4743,10,38,JARRA BOJUDA REFORÇADA POLIDA 01,6,6 peças,3089,,"112,74","18,79"
3090,10,38,JARRA BOJUDA REFORÇADA POLIDA 02,1,"- 2,40 L",,,"21,99","21,99"
4744,10,38,JARRA BOJUDA REFORÇADA POLIDA 02,6,6 peças,3090,,"124,02","20,67"
3234,11,39,MARMITA OPERARIA REFORÇADA FOSCA 10,1,"- 0,45 L",,,"9,89","9,89"
4745,11,39,MARMITA OPERARIA REFORÇADA FOSCA 10,6,6 peças,3234,,"55,77","9,30"
3114,11,39,MARMITA OPERARIA REFORÇADA FOSCA 12,1,"- 0,65 L",,,"14,30","14,30"
4746,11,39,MARMITA OPERARIA REFORÇADA FOSCA 12,6,6 peças,3114,,"80,65","13,44"
3092,11,39,MARMITA OPERARIA REFORÇADA FOSCA 14,1,"- 1,00 L",,,"16,77","16,77"
4747,11,39,MARMITA OPERARIA REFORÇADA FOSCA 14,6,6 peças,3092,,"94,56","15,76"
3093,11,39,MARMITA OPERARIA REFORÇADA FOSCA 16,1,"- 1,30 L",,,"20,49","20,49"
4748,11,39,MARMITA OPERARIA REFORÇADA FOSCA 16,6,6 peças,3093,,"115,56","19,26"
3201,11,39,MARMITA OPERARIA REFORÇADA FOSCA C/ TRAVA 16,1,"- 1,30 L",,,"23,11","23,11"
3094,11,39,MARMITA OPERARIA REFORÇADA FOSCA 18,1,"- 1,80 L",,,"24,53","24,53"
4749,11,39,MARMITA OPERARIA REFORÇADA FOSCA 18,6,6 peças,3094,,"138,33","23,06"
3096,11,40,JG DE MARMITA REFORÇADO POLIDO 16X5,1,16X5,,,"116,81","116,81"
3097,11,40,JG DE MARMITA REFORÇADO POLIDO 16X6,1,16X6,,,"136,45","136,45"
3098,11,40,JG DE MARMITA REFORÇADO POLIDO 18X5,1,18X5,,,"135,81","135,81"
3099,11,40,JG DE MARMITA REFORÇADO POLIDO 18X6,1,18X6,,,"161,01","161,01"
3212,12,,DEPOSITO DE CEREAL REFORÇADO POLIDO 12,1,"- 1,30 L",,,"18,80","18,80"
3213,12,,DEPOSITO DE CEREAL REFORÇADO POLIDO 14,1,"- 2,00 L",,,"25,68","25,68"
3214,12,,DEPOSITO DE CEREAL REFORÇADO POLIDO 16,1,"- 2,90 L",,,"27,96","27,96"
3215,12,,DEPOSITO DE CEREAL REFORÇADO POLIDO 18,1,"- 4,00 L",,,"35,27","35,27"
3216,12,,DEPOSITO DE CEREAL REFORÇADO POLIDO 20,1,"- 5,50 L",,,"44,78","44,78"
3217,12,,DEPOSITO DE CEREAL REFORÇADO POLIDO 22,1,"- 7,60 L",,,"58,43","58,43"
3074,12,,DEPOSITO DE CEREAL REFORÇADO ACETINADO 24,1,"- 10,20 L",,,"66,91","66,91"
3075,12,,DEPOSITO DE CEREAL REFORÇADO ACETINADO 26,1,"- 13,20 L",,,"80,62","80,62"
3076,12,,DEPOSITO DE CEREAL REFORÇADO ACETINADO 26 C/ ASAS,1,"- 13,20 L",,,"105,18","105,18"
3187,12,,DEPOSITO DE CEREAL REFORÇADO ACETINADO 28,1,"- 16,70 L",,,"101,21","101,21"
3188,12,,DEPOSITO DE CEREAL REFORÇADO ACETINADO 30,1,"- 21,20 L",,,"119,61","119,61"
3189,12,,DEPOSITO DE CEREAL REFORÇADO ACETINADO 28 C/ ASAS,1,"- 16,70 L",,,"124,04","124,04"
3190,12,,DEPOSITO DE CEREAL REFORÇADO ACETINADO 30 C/ ASAS,1,"- 21,20 L",,,"142,48","142,48"
4030,12,,JOGO DEPOSITO CEREAIS REFORÇADO POLIDO 12 A 20,1,- 12 A 20,,,"153,31","153,31"
4547,12,,JOGO DEPOSITO CEREAIS REFORÇADO POLIDO 12 A 20,3,3 peças,4030,,"345,02","115,01"
4031,12,,JOGO DEPOSITO CEREAIS REFORÇADO POLIDO 14 A 22,1,- 14 A 22,,,"190,28","190,28"
4548,12,,JOGO DEPOSITO CEREAIS REFORÇADO POLIDO 14 A 22,3,3 peças,4031,,"425,85","141,95"
3014,26,,BACIA REFORÇADA FOSCA 15,1,"- 15 X 4,5 CM",,,"4,70","4,70"
3015,26,,BACIA REFORÇADA FOSCA 20,1,"- 20 X 5,5 CM",,,"7,42","7,42"
3016,26,,BACIA REFORÇADA FOSCA 25,1,"- 25 X 6,5 CM",,,"12,18","12,18"
3017,26,,BACIA REFORÇADA FOSCA 30,1,"- 30 X 7,5 CM",,,"19,70","19,70"
3018,26,,BACIA REFORÇADA FOSCA 35,1,- 35 X 9 CM,,,"25,62","25,62"
3019,26,,BACIA REFORÇADA FOSCA 40,1,"- 40 X 9,5 CM",,,"32,30","32,30"
3020,26,,BACIA REFORÇADA FOSCA 45,1,- 45 X 10 CM,,,"41,48","41,48"
3021,26,,BACIA REFORÇADA FOSCA 50,1,"- 50 X 12,5 CM",,,"49,98","49,98"
3022,26,,BACIA REFORÇADA FOSCA 55,1,- 55 X 13 CM,,,"62,99","62,99"
3023,26,,BACIA REFORÇADA FOSCA 60,1,- 60 X 14 CM,,,"82,24","82,24"
3167,26,,BACIA REFORÇADA FOSCA 70,1,- 70 X 15 CM,,,"133,01","133,01"
3024,26,,BALDE REFORÇADO ACETINADO 12,1,"- 12,30 L",,,"70,57","70,57"
3130,26,,BALDE DE GELO REFORÇADO ESCOVADO 22,1,"- 5,80 L",,,"47,43","47,43"
4024,26,,BALDE DE GELO REFORÇADO ESCOVADO 22 C/ CAIXA,1,"- 5,80 L",,,"55,10","55,10"
4544,26,,BALDE DE GELO REFORÇADO ESCOVADO 22 C/ CAIXA,3, 3 peças,4024,,"139,89","46,63"
3026,26,,BANDEJA REDONDA REFORÇADA POLIDA 40,1,- 40 X 2 CM,,,"46,84","46,84"
3091,13,,LAVARROZ REFORÇADO FOSCO 2O,1,"- 24 X 8,5 CM",,,"21,53","21,53"
3102,13,,ESCORREDOR DE MACARRAO REFORÇADO FOSCO 22,1,- 22 X 13 CM,,,"31,99","31,99"
3103,13,,ESCORREDOR DE MACARRAO REFORÇADO FOSCO 24,1,"- 24 X 14,5 CM",,,"34,60","34,60"
3104,13,,PRATO REFORÇADO ACETINADO 22,1,- 22 X 3 CM,,,"10,41","10,41"
3025,14,,BULE REFORÇADO POLIDO 02,1,"- 1,20 L",,,"35,50","35,50"
3065,14,,CAFETEIRA REFORÇADA POLIDA C/ COADOR 02,1,"- 2,00 L",,,"45,58","45,58"
3095,14,,CHALEIRA REFORÇADA POLIDA 18,1,"- 2,95 L",,,"58,51","58,51"
3077,15,,DEPOSITO  DE LEITE REFORÇADO FOSCO 02,1,"- 2,60 L",,,"28,98","28,98"
3078,15,,DEPOSITO  DE LEITE REFORÇADO FOSCO 03,1,"- 3,70 L",,,"34,40","34,40"
3079,15,,DEPOSITO  DE LEITE REFORÇADO FOSCO 05,1,"- 6,50 L",,,"55,16","55,16"
3132,15,,DEPOSITO  DE LEITE REFORÇADO FOSCO 01,1,"- 1,20 L",,,"17,46","17,46"
3310,16,,CUSCUZEIRO INDIVIDUAL TETINHA POLIDO 10,1,"- 0,35 L",,,"27,50","27,50"
4753,16,,CUSCUZEIRO INDIVIDUAL TETINHA POLIDO 10,6,6 peças,3310,,"155,10","25,85"
3311,16,,CUSCUZEIRO INDIVIDUAL COZI VAPOR 10,1,"- 0,45 L",,,"27,50","27,50"
4754,16,,CUSCUZEIRO INDIVIDUAL COZI VAPOR 10,6,6 peças,3311,,"155,10","25,85"
3289,16,,CUSCUZEIRO REFORÇADO POLIDO 14,1,"- 1,40 L",,,"32,81","32,81"
4750,16,,CUSCUZEIRO REFORÇADO POLIDO 14,6,6 peças,3289,,"185,05","30,84"
3290,16,,CUSCUZEIRO REFORÇADO POLIDO 16,1,"- 2,00 L",,,"39,31","39,31"
4751,16,,CUSCUZEIRO REFORÇADO POLIDO 16,6,6 peças,3290,,"221,69","36,95"
3051,16,,CUSCUZEIRO REFORÇADO POLIDO 18,1,"- 3,10 L",,,"47,93","47,93"
4752,16,,CUSCUZEIRO REFORÇADO POLIDO 18,6,6 peças,3051,,"270,34","45,06"
3117,17,,CONJUNTO BANHO MARIA REFORÇADO POLIDO 20 ,1,- 3 X 1,,,"60,41","60,41"
4758,17,,CONJUNTO BANHO MARIA REFORÇADO POLIDO 20 ,6,6 peças,3117,,"340,70","56,78"
4001,17,,CONJUNTO BANHO MARIA REFORÇADO POLIDO 20  C/ CAIXA,1,- 3 X 1,,,"71,14","71,14"
4543,17,,CONJUNTO BANHO MARIA REFORÇADO POLIDO 20  C/ CAIXA,3,3 peças,4001,,"184,14","61,38"
3142,17,,CONJUNTO MULTIUSO REFORÇADO POLIDO 20 ,1,- 6 X 1,,,"72,34","72,34"
4759,17,,CONJUNTO MULTIUSO REFORÇADO POLIDO 20 ,6,6 peças,3142,,"408,02","68,00"
4085,17,,CONJUNTO MULTIUSO REFORÇADO POLIDO 20 C/ CAIXA,1,- 6 X 1,,,"77,68","77,68"
4577,17,,CONJUNTO MULTIUSO REFORÇADO POLIDO 20 C/ CAIXA,3,3 peças,4085,,"198,05","66,02"
3158,17,,VAPOLAR REFORÇADO POLIDO 20 ,1,- 2 X 1,,,"69,88","69,88"
4046,17,,VAPOLAR REFORÇADO POLIDO 20 ,1,- 2 x 1,,,"72,53","72,53"
4553,17,,VAPOLAR REFORÇADO POLIDO 20 C/ CAIXA,3,3 peças,4046,,"194,37","64,79"
4760,17,,VAPOLAR REFORÇADO POLIDO 20 C/ CAIXA,6,6 peças,3158,,"394,13","65,69"
3139,18,,PIPOQUEIRA REFORÇADA POLIDA 20,1,"- 4,20 L",,,"84,93","84,93"
4755,18,,PIPOQUEIRA REFORÇADA POLIDA 20,6,6 peças,3139,,"479,03","79,84"
4017,18,,PIPOQUEIRA REFORÇADA POLIDA 20 C/ CAIXA,1,"- 4,20 L",,,"84,69","84,69"
4545,18,,PIPOQUEIRA REFORÇADA POLIDA 20 C/ CAIXA,3,3 peças,4017,,"193,74","64,58"
7154,18,,PIPOQUEIRA REFORÇADA POLIDA 20 ,1,"- 3,20 L",,,"52,53","52,53"
4756,18,,PIPOQUEIRA REFORÇADA POLIDA 20 ,6,6 peças,7154,,"296,25","49,37"
3101,19,,MORINGA REFORÇADA POLIDA 02,1,"- 1,80 L",,,"27,72","27,72"
4757,19,,MORINGA REFORÇADA POLIDA 02,6,6 peças,3101,,"156,32","26,05"
3157,20,,GUARDA OLEO REFORÇADO POLIDO C/ PENEIRA 11,1,"- 1,00 L - 13 CM ALTURA",,,"22,55","22,55"
4761,20,,GUARDA OLEO REFORÇADO POLIDO C/ PENEIRA 11,6,6 peças,3157,,"127,20","21,20"
3245,21,,ESPAGUETEIRA REFORÇADA POLIDA 20,1,"- 4,40 L",,,"79,73","79,73"
5017,22,41,CONCHA NYLON,1,- 30 X 9 CM,,,"6,30","6,30"
5018,22,41,ESPATULA NYLON,1,- 31 X 9 CM,,,"6,30","6,30"
5019,22,41,ESPUMADEIRA NYLON,1,- 28 X 11,,,"6,30","6,30"
3050,22,41,CONCHA BABY REFORÇADA FOSCA 08,1,- 25 X 8 CM,,,"14,94","14,94"
3066,22,41,CONCHA REFORÇADA POLIDA 09,1,- 28 X 9 CM ,,,"17,73","17,73"
3151,22,41,CONCHA SUPER FOSCA 09,1,- 26 X 9 CM,,,"15,38","15,38"
3080,22,41,ESPUMADEIRA REFORÇADA POLIDA 09,1,- 28 X 9 CM,,,"13,71","13,71"
3133,22,41,ESPUMADEIRA BABY REFORÇADA FOSCA 08,1,- 24 X 8 CM,,,"12,41","12,41"
3152,22,41,ESPUMADEIRA SUPER FOSCA 09,1,- 28 X 9 CM,,,"13,39","13,39"
6016,22,42,CONCHA SUPER FOSCA 12,1,- 42 X 12 CM,,,"22,82","22,82"
6018,22,42,ESPUMADEIRA SUPER FOSCA 13,1,- 42 X 13 CM,,,"21,46","21,46"
301,23,43,TAMPA BOJ POL 16,1,16,,,"10,97","10,97"
302,23,43,TAMPA BOJ POL 18,1,18,,,"12,40","12,40"
303,23,43,TAMPA BOJ POL 20,1,20,,,"13,97","13,97"
314,23,43,TAMPA BOJ POL 22,1,22,,,"18,20","18,20"
324,23,43,TAMPA BOJ POL 24,1,24,,,"24,37","24,37"
522,23,44,TAMPA DE VIDRO 12,1,12,,,"11,02","11,02"
521,23,44,TAMPA DE VIDRO 14,1,14,,,"11,02","11,02"
511,23,44,TAMPA DE VIDRO 16,1,16,,,"11,51","11,51"
512,23,44,TAMPA DE VIDRO 18,1,18,,,"12,44","12,44"
513,23,44,TAMPA DE VIDRO 20,1,20,,,"13,69","13,69"
514,23,44,TAMPA DE VIDRO 22,1,22,,,"14,62","14,62"
515,23,44,TAMPA DE VIDRO 24,1,24,,,"16,18","16,18"
520,23,44,TAMPA DE VIDRO 26,1,26,,,"17,87","17,87"
517,23,44,TAMPA DE VIDRO 28,1,28,,,"19,66","19,66"
518,23,44,TAMPA DE VIDRO 30,1,30,,,"21,74","21,74"
519,23,44,TAMPA DE VIDRO 32,1,32,,,"23,83","23,83"
3105,23,45,TAMPA COMUM FOSCA 10,1,10,,,"3,05","3,05"
3106,23,45,TAMPA COMUM FOSCA 12,1,12,,,"3,92","3,92"
3107,23,45,TAMPA COMUM FOSCA 14,1,14,,,"6,33","6,33"
3108,23,45,TAMPA COMUM FOSCA 16,1,16,,,"7,03","7,03"
3109,23,45,TAMPA COMUM FOSCA 18,1,18,,,"8,09","8,09"
3110,23,45,TAMPA COMUM FOSCA 20,1,20,,,"9,26","9,26"
3111,23,45,TAMPA COMUM FOSCA 22,1,22,,,"11,87","11,87"
3112,23,45,TAMPA COMUM FOSCA 24,1,24,,,"13,74","13,74"
3149,23,45,TAMPA COMUM FOSCA 26,1,26,,,"18,14","18,14"
3150,23,45,TAMPA COMUM FOSCA 28,1,28,,,"19,25","19,25"
3123,23,45,TAMPA COMUM FOSCA 30,1,30,,,"26,57","26,57"
3124,23,45,TAMPA COMUM FOSCA 36,1,36,,,"34,66","34,66"
3125,23,45,TAMPA COMUM FOSCA 40,1,40,,,"44,66","44,66"
3193,23,45,TAMPA COMUM FOSCA 45,1,45,,,"58,40","58,40"
4008,24,46,CONJUNTO PANELEIRO PRATIK LAR 5 PCS ,1,5 PÇS,,,"148,50","148,50"
4538,24,46,CONJUNTO PANELEIRO PRATIK LAR 5 PCS ,4,4 peças,4008,,"483,51","120,88"
4009,24,46,CONJUNTO PANELEIRO PRATIK FLON 5 PCS,1,5 PÇS,,,"224,19","224,19"
4539,24,46,CONJUNTO PANELEIRO PRATIK FLON 5 PCS,4,4 peças,4009,,"615,15","153,79"
4018,24,46,CONJUNTO PANELEIRO CLASSIC 6 PCS C/ PP,1,6 PÇS,,,"259,38","259,38"
4529,24,46,CONJUNTO PANELEIRO CLASSIC 6 PCS C/ PP,3,3 peças,4018,,"636,66","212,22"
4034,24,46,CONJUNTO PANELEIRO FORT FLON 6 PCS C/ PP ,1,6 PÇS,,,"363,68","363,68"
4535,24,46,CONJUNTO PANELEIRO FORT FLON 6 PCS C/ PP ,3,3 peças,4034,,"568,11","284,05"
4048,24,46,CONJUNTO PANELEIRO PLATINUM 7 PCS C/ PP,1,7 PÇS,,,"363,68","363,68"
4532,24,46,CONJUNTO PANELEIRO PLATINUM 7 PCS C/ PP,2, 2 peças,4048,,"342,95","171,47"
4049,24,46,CONJUNTO PANELEIRO PLATINUM 9 PCS C/ PP,1,9 PÇS,,,"436,22","436,22"
4533,24,46,CONJUNTO PANELEIRO PLATINUM 9 PCS C/ PP,2, 2 peças,4049,,"414,53","207,26"
4050,24,46,CONJUNTO PANELEIRO FORT FLON 7 PCS C/ PP ,1,7 PÇS,,,"434,99","434,99"
4536,24,46,CONJUNTO PANELEIRO FORT FLON 7 PCS C/ PP ,2, 2 peças,4050,,"454,53","227,26"
4051,24,46,CONJUNTO PANELEIRO FORT FLON 9 PCS C/ PP ,1,9 PÇS,,,"587,54","587,54"
4537,24,46,CONJUNTO PANELEIRO FORT FLON 9 PCS C/ PP ,2, 2 peças,4051,,"601,89","300,95"
7132,24,46,CONJUNTO PRATIK FLON 4 PCS C/ TPA VIDRO,1,TPA VIDRO,,,"152,47","152,47"
4056,24,47,JOGG CACAROLAS CONICA PLUS CRAQUEADA 16 A 24 - TPA ALUMINIO,1,TPA ALUMINIO,,,"270,40","270,40"
4086,24,47,JOGO CACAROLAS CONICA PLUS VERMELHA 16 A 24 - TPA ALUMINIO,1,TPA ALUMINIO,,,"270,40","270,40"
4127,24,47,JOGO CACAROLAS CONICA PLUS VERMELHA 16 A 24 - TPA VIDRO,1,TPA VIDRO,,,"288,50","288,50"
4128,24,47,JOGO CACAROLAS CONICA PLUS PRETA 16 A 24 - TPA ALUMINIO,1,TPA ALUMINIO,,,"270,40","270,40"
4129,24,47,JOGO CACAROLAS CONICA PLUS PRETA 16 A 24 - TPA VIDRO,1,TPA VIDRO,,,"288,50","288,50"
4131,24,47,JOGO CACAROLAS CONICA PLUS CRAQUEADA 16 A 24 - TPA VIDRO,1,TPA VIDRO,,,"288,50","288,50"
4412,25,,FEIRINHA POLIDA 120 PCS,1,120 PÇS,,,"2810,19","2810,19"
4413,25,,FEIRINHA POLIDA 60 PCS,1,60 PÇS,,,"1404,95","1404,95"
4414,25,,FEIRINHA ASSADEIRAS 72 PCS,1,72 PÇS,,,"1712,46","1712,46"
4415,25,,FEIRINHA PANELA - CANECAO POLIDO - 48 PCS ,1,48 PÇS,,,"1304,32","1304,32"
4417,25,,FEIRINHA ASSADEIRAS 36 PCS,1,36 PÇS,,,"852,27","852,27"
4418,25,,FEIRINHA PANELA - CANECAO POLIDO - 24 PCS ,1,24 PÇS,,,"623,85","623,85"